,trans_x,trans_y,trans_z,rot_x,rot_y,rot_z
0,0.0,0.00210655,0.0,0.0,-0.0,0.0
1,0.018790400000000002,0.0712427,0.0679577,-0.0007088410000000001,0.000530111,0.0
2,0.028743900000000003,0.0693182,0.10310799999999999,-0.00113506,0.0007080119999999999,-7.849260000000001e-05
3,0.0262253,-0.0629511,0.0923143,-9.265060000000001e-06,0.000534437,-0.000137275
4,0.022147200000000002,0.0535023,0.109417,-0.00082315,0.000474871,-8.94469e-05
5,0.0189796,0.07109220000000001,0.107156,-0.00134666,0.000431799,-0.000113778
6,0.025236,-0.05263530000000001,0.0844705,0.000190658,0.000587747,-0.00020931200000000002
7,0.0189798,0.0425766,0.100962,-0.0005918540000000001,0.00033774699999999995,-0.000189695
8,0.0189805,0.0825053,0.09728930000000001,-0.00122522,0.00033774699999999995,-0.000202858
9,0.0292548,-0.0323849,0.0955094,8.924749999999996e-06,0.00067229,-0.00025965
10,0.026840499999999996,0.0448389,0.10077799999999999,-0.0007674219999999999,0.000673375,-0.00019533200000000002
11,0.018956900000000002,0.0988503,0.11162799999999999,-0.00134117,0.000488954,-0.000227338
12,0.0279574,0.0335151,0.10996900000000001,-0.00080289,0.00051139,-0.00020877099999999998
13,0.026786700000000004,0.0406596,0.111231,-0.00104202,0.000614288,-0.000280074
14,0.0189551,0.0787743,0.112284,-0.00148309,0.00043954800000000005,-0.000281545
15,0.027289299999999996,0.0346876,0.08800829999999997,-0.0008926929999999999,0.000748194,-0.000218948
16,0.0189498,-0.033866,0.08902180000000001,3.21085e-05,0.000522979,-0.000259493
17,0.0189572,0.0517745,0.112276,-0.00118758,0.000462085,-0.00022862099999999998
18,0.0189564,0.057644299999999996,0.101426,-0.00145788,0.000483719,-0.000243725
19,0.0283596,0.00385338,0.09072000000000001,-0.000783555,0.000619134,-0.000292406
20,0.024555200000000003,0.056192200000000005,0.120527,-0.00156274,0.000670118,-0.000144599
21,0.0189616,0.08030959999999998,0.112348,-0.00174394,0.0008611510000000001,9.59519e-05
22,0.027789499999999998,0.0260818,0.0980498,-0.000955428,0.000668251,-1.6453900000000002e-05
23,0.0257612,0.0643777,0.11713900000000001,-0.00132527,0.0006242719999999999,-0.00018064400000000001
24,0.0251035,0.0927474,0.12153900000000001,-0.00180695,0.000675622,-1.1483e-05
25,0.033952800000000005,0.014787799999999999,0.08807439999999997,-0.000982113,0.0006756210000000001,-1.1483e-05
26,0.027803300000000003,0.032751,0.0907373,-0.000888345,0.000607428,-0.000143322
27,0.0189648,0.08938519999999997,0.11584900000000001,-0.0016655699999999995,0.000613013,-1.1483e-05
28,0.0278051,0.048399,0.09080310000000001,-0.00136361,0.000675622,-1.1483e-05
29,0.030505599999999997,0.0253761,0.09077,-0.00111429,0.000675622,-1.1483e-05
30,0.018963400000000002,0.0919938,0.115254,-0.00182478,0.000619026,-1.1483e-05
31,0.0189724,0.06712280000000001,0.08815059999999998,-0.00168965,0.000511213,-1.1483e-05
32,0.0277033,0.018940900000000004,0.0817786,-0.00116102,0.000555009,-7.260779999999999e-05
33,0.018964500000000002,0.0807071,0.120751,-0.00170544,0.00060889,-1.1483e-05
34,0.0189618,0.07886569999999997,0.10325699999999999,-0.00166687,0.000514598,-7.252959999999997e-05
35,0.0274209,0.0270936,0.07478889999999999,-0.0008564259999999998,0.0005994630000000001,-1.1483e-05
36,0.0164738,0.07988669999999999,0.0968488,-0.0015485,0.000478122,-1.1483e-05
37,0.0189787,0.0834535,0.08261459999999997,-0.0016087,0.000479333,-1.1483e-05
38,0.030022800000000002,0.0223689,0.0559029,-0.000989185,0.000624236,-1.1483e-05
39,0.0189773,0.06867460000000002,0.08454980000000001,-0.0013404100000000006,0.000479288,-1.1483e-05
40,0.0189736,0.0940433,0.106448,-0.00178255,0.000565625,-1.1483e-05
41,0.0317866,0.0368048,0.0828605,-0.0008842789999999998,0.000611001,-1.1483e-05
42,0.0284471,0.0453269,0.0942465,-0.0008221599999999997,0.000565924,-1.1483e-05
43,0.018975400000000003,0.100604,0.112952,-0.00154647,0.000547298,-1.1483e-05
44,0.026497900000000005,0.023853,0.0759347,-0.000484257,0.000530841,-1.1483e-05
45,0.0292192,0.0406425,0.08612180000000001,-0.000734257,0.000560688,0.00017418200000000002
46,0.0189764,0.11190699999999999,0.121781,-0.00164948,0.000536457,-1.1483e-05
47,0.0189931,0.0662952,0.104137,-0.000952976,0.00047526400000000004,8.800110000000001e-05
48,0.018975799999999998,0.027214599999999995,0.10531099999999999,-0.000431061,0.00044048199999999996,-1.1483e-05
49,0.000450985,0.0900176,0.136132,-0.00120218,-4.87176e-06,-1.1483e-05
50,0.010880200000000001,0.0889901,0.12131700000000001,-0.00152925,0.000242954,-1.1483e-05
51,0.0208782,0.0324963,0.09196010000000002,-0.000694307,0.000255902,-8.28153e-05
52,0.016740400000000003,0.0468861,0.0919946,-0.0009054919999999999,0.000213278,-1.1483e-05
53,0.0108928,0.108242,0.104494,-0.00197024,0.000161218,-1.1483e-05
54,0.0171584,0.054947800000000005,0.0920416,-0.00132726,0.000167365,-1.1483e-05
55,0.0171303,0.038274699999999995,0.09418460000000001,-0.00120721,0.000267224,-7.32173e-05
56,0.010885500000000001,0.0828529,0.118056,-0.00146838,0.000246105,-1.1483e-05
57,0.0108917,0.104735,0.12611000000000006,-0.0019482,0.000372078,-1.1483e-05
58,0.0208729,0.035139699999999996,0.10107000000000001,-0.000854865,0.00034334599999999996,-1.1483e-05
59,0.016324499999999995,0.0605601,0.109251,-0.00119298,0.000300393,-6.958310000000001e-05
60,0.0186439,0.10549800000000001,0.117979,-0.00194578,0.000359335,0.000130635
61,0.028711700000000003,0.03677709999999999,0.0771913,-0.00105981,0.00041989400000000003,-1.1483e-05
62,0.0208556,0.047187599999999996,0.088353,-0.000783994,0.00035487800000000004,-9.58082e-05
63,0.0156767,0.113495,0.107751,-0.00171189,0.00035851199999999996,-6.507770000000001e-05
64,0.0208718,0.0631863,0.08392009999999997,-0.00117344,0.000352492,-1.1483e-05
65,0.020847400000000002,0.042782099999999997,0.0818958,-0.000851388,0.000364051,-0.00014015700000000002
66,0.0171435,0.103875,0.111981,-0.00175335,0.00035001199999999997,-0.000155956
67,0.017808400000000002,0.058756600000000006,0.09558970000000004,-0.00120711,0.000332647,-7.42119e-05
68,-0.024027200000000002,0.032318900000000005,0.0932537,-0.000677733,-0.00050354,-1.1483e-05
69,-0.013728899999999999,0.0973273,0.11463699999999999,-0.00196779,-0.00039509699999999996,-1.1483e-05
70,0.016622900000000003,0.0538035,0.09384580000000001,-0.00106784,6.54815e-05,-1.1483e-05
71,0.0290541,0.0358886,0.097561,-0.000745373,0.000607935,-8.448809999999999e-05
72,-0.00778484,0.101911,0.12171400000000002,-0.00178717,-0.000123433,-1.1483e-05
73,-0.013221,0.0552985,0.08761820000000001,-0.00101427,-0.000251054,0.000123542
74,-0.0237433,0.0485537,0.0814556,-0.000825757,-0.000409525,7.01622e-05
75,-0.010572100000000001,0.10878499999999999,0.103381,-0.0011989800000000005,-0.00016386900000000003,0.00011316700000000001
76,-0.014161199999999999,0.0600874,0.07251259999999997,-0.0008450499999999998,-0.00030712400000000004,0.000109772
77,-0.025233900000000004,0.031198400000000005,0.0619931,-0.000569245,-0.00043595300000000005,-1.1483e-05
78,-0.015624100000000002,0.06924370000000002,0.0930549,-0.0009790760000000002,-0.000303095,-1.1483e-05
79,-0.014500399999999998,0.0909438,0.09728339999999999,-0.00140102,-0.000384994,-1.1483e-05
80,-0.0206904,0.0376767,0.105268,-0.000809956,-0.00037988199999999995,-1.1483e-05
81,-0.025156,0.0663575,0.10942,-0.00129067,-0.000501616,7.201359999999999e-05
82,-0.012057600000000005,0.08850010000000001,0.11432800000000005,-0.0015777999999999999,-0.00036163199999999997,-1.1483e-05
83,-0.0218239,0.033493199999999994,0.0948206,-0.00073574,-0.000381775,-1.1483e-05
84,-0.0220599,0.053424599999999996,0.10133500000000001,-0.000954089,-0.000446139,-1.1483e-05
85,-0.0120708,0.11686800000000006,0.12667500000000004,-0.00215192,-0.000331741,-7.062630000000002e-05
86,-0.022061900000000002,0.06798650000000002,0.10827300000000001,-0.00145514,-0.000408703,-1.1483e-05
87,-0.0306452,0.0421567,0.108861,-0.0009682180000000001,-0.000604954,-0.00026655200000000003
88,-0.022047,0.09335860000000004,0.125141,-0.00189965,-0.000505573,-1.1483e-05
89,-0.0220618,0.0870533,0.11439800000000006,-0.00199815,-0.000434209,-8.38936e-05
90,-0.044752,0.012824799999999999,0.0844535,-0.00114698,-0.0009158430000000001,-0.000228558
91,-0.019002,0.0821929,0.126575,-0.00209223,-0.000440085,-1.1483e-05
92,-0.0118646,0.0861812,0.118335,-0.00207276,-0.00042122199999999996,-1.1483e-05
93,-0.0268709,0.0215186,0.0756815,-0.0013878600000000005,-0.00046932699999999996,-1.1483e-05
94,-0.0195537,0.0741403,0.0997922,-0.00186023,-0.00035054199999999997,-1.1483e-05
95,-0.00955735,0.0924097,0.09758330000000001,-0.00249126,-0.00031345200000000003,-1.1483e-05
96,-0.024877700000000003,0.0286142,0.07485019999999999,-0.00162284,-0.00044844199999999996,-1.1483e-05
97,-0.027639599999999997,0.08866349999999999,0.11098,-0.00196473,-0.0007091210000000001,4.2932299999999996e-05
98,-0.0143723,0.0915855,0.09288539999999999,-0.0022111,-0.000392951,6.35711e-05
99,-0.0302382,0.0214315,0.0652626,-0.00153445,-0.0006641510000000001,-1.1483e-05
100,-0.0187746,0.0835046,0.10558,-0.00220524,-0.000500872,-1.1483e-05
101,-0.018665599999999997,0.08988459999999998,0.105655,-0.00254851,-0.000373675,-1.1483e-05
102,-0.0403663,0.029499099999999997,0.0571736,-0.00165434,-0.0008811169999999998,-6.65563e-05
103,-0.0314115,0.08017159999999998,0.0965323,-0.00218424,-0.0006957619999999999,-1.1483e-05
104,-0.0204385,0.103838,0.0942469,-0.00266468,-0.000408695,-1.1483e-05
105,-0.0395921,0.011358499999999999,0.0351654,-0.00215703,-0.0007376110000000001,-0.000113541
106,-0.0234506,0.09223669999999999,0.0982105,-0.00291706,-0.000420191,-0.000125511
107,-0.035588800000000004,0.0708322,0.0690972,-0.00291706,-0.000768977,-0.000259705
108,-0.045421300000000005,0.0422413,0.0793183,-0.00256792,-0.0009685539999999999,-0.000292992
109,-0.017307299999999998,0.106031,0.133021,-0.0032237999999999998,-0.00042143800000000005,-0.000216283
110,-0.031446800000000004,0.0573773,0.089781,-0.00269895,-0.000731758,-0.000180762
111,-0.0370773,0.0337574,0.08194179999999998,-0.00218267,-0.0007659219999999999,-0.000179238
112,-0.0314776,0.0921673,0.109804,-0.00292935,-0.0006783560000000001,-0.00027921900000000004
113,-0.036919099999999996,0.026560200000000003,0.06146649999999999,-0.00199367,-0.000776898,-0.00017146
114,-0.0411394,0.0136453,0.038712699999999996,-0.00178467,-0.000862362,-0.00018686400000000002
115,-0.015268299999999999,0.09305139999999999,0.07302,-0.00242556,-0.00023449599999999997,-0.000132846
116,-0.036874199999999996,0.06699069999999999,0.051309,-0.00237327,-0.00084258,-0.000311042
117,-0.0504192,0.0248145,0.027364599999999996,-0.00185649,-0.00101195,-0.000352063
118,-0.0314164,0.0981414,0.0865591,-0.00247506,-0.0006821619999999999,-6.95783e-05
119,-0.0153917,0.0936556,0.0652145,-0.00291758,-0.00030712400000000004,-6.85955e-05
120,-0.0434688,0.0244892,0.0385046,-0.00202695,-0.0007971859999999999,-0.000277526
121,-0.0460599,0.0641606,0.0929551,-0.00206505,-0.0008920119999999998,-0.000311709
122,-0.0340358,0.0952064,0.08530449999999999,-0.00280049,-0.000812236,-0.000270927
123,-0.0515947,0.0214805,0.0409879,-0.0020071,-0.0008771249999999998,-0.00043709099999999997
124,-0.0340408,0.06711900000000001,0.0902048,-0.00247668,-0.000708034,-0.00022267900000000001
125,-0.0340587,0.0757271,0.0831864,-0.00262961,-0.000634322,-0.000281811
126,-0.0424977,0.030425099999999997,0.061742099999999994,-0.0019221,-0.0007683279999999997,-0.00038948199999999997
127,-0.028921499999999996,0.0667143,0.09231420000000004,-0.00248072,-0.000444812,-0.000246191
128,-0.015858899999999995,0.105574,0.115695,-0.00320203,-0.00029352400000000003,-7.74905e-05
129,-0.0396701,0.040474199999999995,0.06868939999999998,-0.00239686,-0.0008032719999999997,-0.000310067
130,-0.0523342,0.0231558,0.047717199999999994,-0.00305215,-0.000977995,-0.000450986
131,-0.039961699999999996,0.0517266,0.06600750000000001,-0.00382721,-0.00089695,-0.000419569
132,-0.033458800000000004,0.102565,0.11173699999999999,-0.00344473,-0.000579819,-0.00031543799999999997
133,-0.033845,0.06807360000000001,0.100009,-0.00309077,-0.00035560400000000003,-0.000158138
134,-0.0406279,0.017631599999999997,0.0899309,-0.00264892,-0.000626151,-0.000294624
135,-0.027769799999999997,0.0882255,0.11951600000000001,-0.00264892,-0.000387851,-0.000272369
136,-0.0292742,0.0766115,0.0952501,-0.00264892,-0.00043223199999999995,-0.000291395
137,-0.0419068,0.0234813,0.0529553,-0.00211902,-0.000645431,-0.00064813
138,-0.0290445,0.0758459,0.08434,-0.00196178,-0.00041210300000000004,-0.000362562
139,-0.0232593,0.11383099999999999,0.104494,-0.00271687,-0.000439205,-0.000176842
140,-0.0451247,0.04120530000000001,0.0527362,-0.00193654,-0.0006916730000000001,-0.00036335800000000004
141,-0.0512306,0.06951130000000001,0.08276949999999997,-0.00178565,-0.00084239,-0.00056105
142,-0.030769,0.12736199999999998,0.13505,-0.00285077,-0.000487291,-0.000522866
143,-0.0459662,0.0546475,0.0640919,-0.00201741,-0.0005697380000000001,-0.000495233
144,-0.0443775,0.068723,0.0892203,-0.00195015,-0.00068513,-0.00041123699999999995
145,-0.028247700000000004,0.11408900000000001,0.11401800000000001,-0.00248165,-0.000419584,-0.00024364
146,-0.044594800000000004,0.0425534,0.07056230000000001,-0.00185138,-0.000625377,-0.000290863
147,-0.0491214,0.0307566,0.0655805,-0.00181755,-0.0007372619999999999,-0.000449581
148,-0.033036199999999995,0.0879573,0.11221099999999999,-0.00248878,-0.000560456,-0.00032983599999999996
149,-0.0164293,0.09003569999999997,0.09021439999999999,-0.00297459,-3.03434e-05,-0.00023161900000000002
150,-0.0393406,0.0171058,0.0356288,-0.00224664,-0.000489499,-0.0005742000000000001
151,-0.0373465,0.0712907,0.100602,-0.00265425,-0.000498481,-0.000730518
152,-0.026730900000000002,0.10998699999999999,0.11152000000000001,-0.00340855,0.000141919,-0.00026507900000000004
153,-0.0444501,0.0313101,0.0362266,-0.00280984,-0.000569719,-0.000535318
154,-0.04598030000000001,0.05694400000000001,0.07654429999999998,-0.00256355,-0.000655135,-0.000503202
155,-0.0287022,0.118522,0.12061600000000001,-0.00326692,-0.000267101,-0.000473304
156,-0.0430096,0.0447018,0.05399640000000001,-0.0026081999999999998,-0.000644092,-0.000600441
157,-0.051726999999999995,0.023083700000000002,0.0667466,-0.00242445,-0.0008735269999999999,-0.000712005
158,-0.0294173,0.10878,0.12241400000000001,-0.00306215,-0.00033275300000000003,-0.00039961
159,-0.0389094,0.053349400000000005,0.07815010000000001,-0.00267375,-0.00048402300000000004,-0.00034801099999999996
160,-0.054596000000000006,0.0357664,0.054775599999999994,-0.0022946999999999998,-0.000788987,-0.0006861660000000001
161,-0.033253899999999996,0.11583199999999999,0.110623,-0.00343293,-0.000452534,-0.0005801119999999999
162,-0.039416900000000005,0.0740617,0.0471978,-0.00276788,-0.000455926,-0.000491116
163,-0.0479448,0.0380503,0.0173146,-0.00245316,-0.000520592,-0.000503261
164,-0.0402642,0.0872855,0.08017410000000001,-0.00248877,-0.00046897599999999996,-0.00034801099999999996
165,-0.031360700000000005,0.114677,0.0675784,-0.00285664,-0.000267101,-0.000398841
166,-0.0473688,0.030831599999999997,-0.00728653,-0.00201661,-0.000665898,-0.000720359
167,-0.06202180000000001,0.0374306,-0.0334973,-0.00188082,-0.00114446,-0.000930235
168,-0.059894399999999993,0.0852947,0.07560079999999998,-0.00296943,-0.00104776,-0.0008951919999999998
169,-0.0352141,0.133927,0.10125,-0.00364041,-0.000396162,-0.000600278
170,-0.04745119999999999,0.061944500000000007,0.034294099999999994,-0.0027639,-0.000478077,-0.0008475860000000001
171,-0.061245100000000004,0.0263117,0.0321199,-0.00228825,-0.0007772969999999999,-0.0008560729999999997
172,-0.038301199999999994,0.11031300000000001,0.10738900000000001,-0.00295232,-0.00041417699999999995,-0.000750117
173,-0.051868399999999995,0.0636559,0.053571600000000004,-0.00282836,-0.000666155,-0.000912646
174,-0.068235,0.023625599999999997,0.008968159999999998,-0.00243505,-0.000756487,-0.00131517
175,-0.06022380000000001,0.0716533,0.0617418,-0.00290697,-0.000564422,-0.00143072
176,-0.049690899999999996,0.147227,0.12831099999999998,-0.00398898,-0.000334896,-0.00106414
177,-0.052138,0.08509789999999999,0.0508202,-0.00302136,-0.000399461,-0.00113559
178,-0.06947560000000001,0.0319837,0.0005626580000000001,-0.00221299,-0.000662465,-0.00157587
179,-0.054951099999999996,0.10818,0.0829755,-0.00298521,-0.000253481,-0.00121422
180,-0.05466519999999999,0.07506310000000001,0.046100199999999994,-0.0026436999999999997,-0.000242198,-0.00103897
181,-0.0634835,0.0280466,-0.0361509,-0.00222392,-0.000559945,-0.00124019
182,-0.049504400000000004,0.0822857,0.0667962,-0.00283428,-0.000288783,-0.00103897
183,-0.0441463,0.120127,0.0826207,-0.00370583,-0.000300905,-0.00093561
184,-0.0667498,0.034456400000000005,-0.00344291,-0.00340042,-0.000738433,-0.0013386400000000005
185,-0.0680921,0.0638193,0.0203386,-0.00333793,-0.0006186480000000001,-0.00144238
186,-0.055953300000000004,0.135716,0.0755466,-0.00372194,-0.000180962,-0.00116385
187,-0.06728939999999999,0.0635357,-0.0195672,-0.00244181,-0.000757078,-0.00132124
188,-0.081871,0.020518900000000003,-0.0592115,-0.00211739,-0.00101411,-0.00183495
189,-0.0560409,0.0959553,0.0715383,-0.00275426,-0.0005742680000000001,-0.00156389
190,-0.0675201,0.100786,0.0359283,-0.00303306,-0.000559994,-0.00151482
191,-0.08287949999999998,0.0270103,-0.049841699999999996,-0.00221598,-0.000864946,-0.00183495
192,-0.08349439999999997,0.05264069999999999,-0.00968803,-0.00234671,-0.0005655219999999999,-0.00183495
193,-0.06621360000000001,0.123089,0.07151010000000001,-0.00321842,-0.00035239099999999997,-0.00167789
194,-0.08807969999999997,0.0490916,-0.0295664,-0.0027932,-0.000828429,-0.00204743
195,-0.0935914,0.00726349,-0.07682659999999998,-0.00272723,-0.000953765,-0.00237956
196,-0.089232,0.0932407,0.012630200000000001,-0.00316046,-0.00038829699999999996,-0.00210973
197,-0.0856495,0.11857000000000001,0.0328332,-0.00337225,-0.000638297,-0.00200214
198,-0.0919946,0.0171082,-0.06312859999999999,-0.00271123,-0.00080756,-0.00239805
199,-0.08566759999999997,0.082593,-0.011332799999999999,-0.0028026,-0.00038829699999999996,-0.00198733
200,-0.08562639999999999,0.12967200000000004,0.0209228,-0.00324225,-0.00038829699999999996,-0.00183495
201,-0.08649529999999997,0.0317829,-0.0246283,-0.00249963,-0.000284474,-0.00213995
202,-0.0901145,0.0565499,-0.0182399,-0.00274963,-0.00034607,-0.00192222
203,-0.0879307,0.124377,0.023339099999999998,-0.00323512,-0.000257337,-0.00183495
204,-0.0926141,0.041941900000000004,-0.043798800000000006,-0.00272171,-0.00021899999999999998,-0.00196593
205,-0.0917532,0.0374728,-0.0559797,-0.00258914,-0.000599762,-0.00208717
206,-0.0895107,0.12183800000000002,0.038541399999999996,-0.00308065,-0.000365007,-0.00178438
207,-0.0885321,0.0923846,-0.00608029,-0.00282701,-0.000329122,-0.00183495
208,-0.0889335,0.0278947,-0.0439865,-0.00228001,-0.00041215,-0.00215217
209,-0.07430389999999999,0.09441310000000004,0.016012600000000002,-0.00293387,-0.000197177,-0.00183495
210,-0.07970310000000001,0.109345,0.017395599999999997,-0.00321628,-0.000502792,-0.00192665
211,-0.0970326,0.028574099999999998,-0.032652299999999995,-0.00342785,-0.0009639119999999999,-0.00223322
212,-0.0959682,0.0500866,-0.0162338,-0.00342785,-0.0009729710000000002,-0.00208435
213,-0.083026,0.113633,0.0557909,-0.0044235,-0.00024852,-0.00183495
214,-0.08948159999999998,0.046425,-0.0312089,-0.00459139,-0.000670997,-0.00208514
215,-0.0974798,-0.00562499,-0.0702433,-0.00506485,-0.000666496,-0.00233413
216,-0.0871225,0.0596016,0.0395176,-0.00581999,-9.307819999999999e-05,-0.00200764
217,-0.077291,0.0685688,0.0294416,-0.00597824,7.164899999999999e-05,-0.00194629
218,-0.0866692,-0.0225455,-0.0547481,-0.00471105,-0.000439641,-0.00241398
219,-0.09109,0.0200541,-0.016506199999999995,-0.00480213,-0.00032896900000000003,-0.00234795
220,-0.0772057,0.09882460000000001,0.0326841,-0.00584529,6.64534e-05,-0.00202468
221,-0.08144709999999998,0.018665400000000002,-0.06351860000000001,-0.00557706,-0.000391789,-0.00228443
222,-0.0968653,-0.0562357,-0.157085,-0.005323,-0.0009584369999999999,-0.00273089
223,-0.0937742,0.048024300000000006,-0.07678489999999999,-0.00566885,-0.0007838619999999998,-0.00231441
224,-0.0857015,0.11128800000000001,-0.00954268,-0.00624189,-0.00037209300000000004,-0.00211797
225,-0.08686209999999997,0.023122999999999998,-0.053112599999999996,-0.00538551,-0.00037209300000000004,-0.00236271
226,-0.08699630000000001,0.0244784,-0.0491378,-0.00488628,-0.000622093,-0.00242835
227,-0.081514,0.107235,0.012882499999999998,-0.00554237,-0.000293986,-0.00214004
228,-0.08995349999999999,0.0411094,-0.049654000000000004,-0.00506974,-0.000532021,-0.00247841
229,-0.0969485,0.00139541,-0.0620524,-0.0046635,-0.000527246,-0.00274518
230,-0.0935882,0.110747,0.012225399999999999,-0.00522464,-0.00037209300000000004,-0.00204138
231,-0.09237020000000004,0.058984800000000004,-0.057356899999999995,-0.00502002,-0.00037209300000000004,-0.00221021
232,-0.09762970000000004,-0.0024386,-0.09826499999999999,-0.00409617,-0.000538744,-0.00266927
233,-0.08328489999999998,0.0812999,-0.011550800000000005,-0.00479304,-0.000242273,-0.0020574
234,-0.0810136,0.0970551,-0.00847686,-0.00510241,-0.000209328,-0.00202965
235,-0.0942066,0.0215019,-0.0597711,-0.00458518,-0.000446267,-0.00240017
236,-0.09953279999999999,0.043937800000000006,-0.0310983,-0.00497433,-0.000566215,-0.00238201
237,-0.0930245,0.101011,0.0475038,-0.00592901,-0.000359671,-0.00214859
238,-0.0995604,-0.0184696,-0.0667963,-0.0077536,-0.0008731919999999997,-0.00253948
239,-0.09963860000000001,-0.08460589999999997,-0.13314700000000002,-0.00896149,-0.000993495,-0.00282079
240,-0.0995769,-0.0029767,-0.0484041,-0.00906922,-0.000760568,-0.00253948
241,-0.0995337,0.060252099999999996,0.00751469,-0.00795411,-0.000368234,-0.00228948
242,-0.09957310000000001,-0.033382199999999994,-0.0373156,-0.00645534,-0.000648712,-0.00253948
243,-0.0995796,-0.031778,-0.05530319999999999,-0.00628257,-0.000521918,-0.00253948
244,-0.09407230000000001,0.0665834,0.012923400000000002,-0.00660513,-0.000244295,-0.00221386
245,-0.10025099999999999,0.0382425,-0.0233043,-0.00603337,-0.000521255,-0.00253948
246,-0.10688399999999999,-0.00677294,-0.045622300000000005,-0.00556294,-0.000820748,-0.00276843
247,-0.0942163,0.0815352,0.00608434,-0.0062602,-0.00044456300000000003,-0.00243305
248,-0.0942187,0.0529788,-0.0208627,-0.00654465,-0.000625309,-0.00253948
249,-0.100508,-0.00545928,-0.0573722,-0.00601225,-0.000635382,-0.00261785
250,-0.094188,0.07534159999999998,0.0241882,-0.00669329,-0.000456494,-0.00220961
251,-0.100897,0.0600974,-0.000462707,-0.00663714,-0.000614351,-0.00253948
252,-0.111177,-0.0179699,-0.0699936,-0.00559929,-0.0008161429999999998,-0.00286426
253,-0.11085999999999999,0.032035,-0.0128387,-0.00712564,-0.000485863,-0.00253948
254,-0.110873,0.05250509999999999,-0.00281591,-0.00761152,-0.00024429599999999997,-0.00253948
255,-0.110887,-0.0124647,-0.0256332,-0.00639736,-0.00039656,-0.0027457
256,-0.107606,0.0477775,0.009439510000000005,-0.00621836,-0.00040292800000000004,-0.00275506
257,-0.10237,0.0727566,0.00947851,-0.00665656,-0.00024429599999999997,-0.00265108
258,-0.101999,-0.00652221,-0.0277472,-0.00572341,-0.000326835,-0.00283934
259,-0.10919200000000001,0.0131649,-0.0116236,-0.00547746,-0.000425776,-0.00291582
260,-0.10917400000000001,0.0792068,0.0240927,-0.00602524,-0.00044999,-0.00285784
261,-0.0991321,0.0769466,0.027894799999999997,-0.00619015,-0.00036293,-0.00270077
262,-0.10915,0.013402100000000002,-0.023699900000000003,-0.0056438999999999994,-0.00045559400000000003,-0.0027509
263,-0.109176,0.0273149,-0.0387313,-0.0056438999999999994,-0.00048827,-0.00285961
264,-0.109125,0.100629,0.03816,-0.00592596,-0.00028022,-0.00266469
265,-0.10367799999999999,0.100969,0.0363983,-0.00603638,0.000141376,-0.00267526
266,-0.09712330000000001,0.036713699999999995,0.0604976,-0.00625416,0.00050897,-0.00286301
267,-0.08217260000000001,0.08972949999999999,0.255424,-0.00780342,0.000865805,-0.00297322
268,-0.0809247,0.114541,0.259312,-0.00787339,0.0006235769999999999,-0.00297972
269,-0.0956532,0.108761,0.224491,-0.00771141,0.00017202599999999998,-0.00287336
270,-0.08712289999999999,0.0266099,0.180823,-0.00658403,-0.000138883,-0.00325285
271,-0.100351,0.06362340000000001,0.157225,-0.00619858,-0.000130238,-0.00303099
272,-0.100418,0.118881,0.166158,-0.00662134,0.000249724,-0.00315845
273,-0.11517100000000001,0.0445176,0.10512,-0.00566596,-6.04045e-05,-0.00349176
274,-0.10968900000000001,0.0677449,0.107151,-0.00567495,0.00020365799999999998,-0.00340926
275,-0.100477,0.159876,0.177872,-0.00625318,0.000338378,-0.00340926
276,-0.10365,0.0974719,0.120672,-0.00542911,0.00024744599999999996,-0.00353922
277,-0.123135,0.055372000000000005,0.0823276,-0.00518588,-0.00012351,-0.00386998
278,-0.110151,0.123203,0.14976199999999998,-0.00577839,-1.09199e-05,-0.00349636
279,-0.105826,0.113081,0.131341,-0.00645702,0.000361027,-0.00342125
280,-0.107949,0.0142696,0.0580279,-0.0059524999999999995,0.000504769,-0.00370781
281,-0.113603,0.030077800000000002,0.0630168,-0.00712697,0.000361027,-0.00352407
282,-0.109082,0.0848678,0.11364,-0.00854999,0.000573748,-0.00320806
283,-0.11308499999999999,-0.018540400000000002,0.0247292,-0.008479299999999999,0.00029057599999999996,-0.0032446
284,-0.115763,-0.050827199999999996,-0.028933499999999997,-0.008479299999999999,-2.91881e-05,-0.00364016
285,-0.123009,-0.0247594,-0.0115994,-0.0090141,0.000257522,-0.00379182
286,-0.117551,0.0678627,0.07946399999999999,-0.010149700000000001,0.0005903190000000001,-0.00339016
287,-0.117579,0.0231572,0.0439287,-0.00904416,0.000635931,-0.00364016
288,-0.11760599999999999,-0.0490587,-0.000654327,-0.00841328,0.0006323219999999999,-0.00379228
289,-0.117629,0.00234696,0.051700699999999995,-0.00891635,0.0008365809999999997,-0.00388024
290,-0.11405699999999999,0.0670614,0.10134299999999999,-0.01012,0.0009441139999999999,-0.00380346
291,-0.117618,-0.031298200000000005,0.0212678,-0.00842692,0.00033833400000000003,-0.00380233
292,-0.117629,-0.0477674,-0.019540099999999998,-0.008405259999999998,8.8157e-05,-0.00375795
293,-0.11763499999999999,0.0109658,0.0549957,-0.00909604,0.000329278,-0.00383178
294,-0.111203,0.07231519999999997,0.09808589999999999,-0.0100701,0.000565257,-0.00364016
295,-0.113901,-0.026113400000000002,0.0264932,-0.00871071,0.000585383,-0.00376661
296,-0.11585899999999999,-0.0104196,0.0339498,-0.00797202,0.000584788,-0.00389802
297,-0.110421,0.08173889999999999,0.109357,-0.008770119999999998,0.0007080789999999999,-0.0035056999999999996
298,-0.11121800000000001,0.0327279,0.0453181,-0.008322879999999998,0.0007292629999999999,-0.00370056
299,-0.114782,-0.0163493,0.018236000000000002,-0.00746929,0.000562817,-0.00388644
300,-0.11476800000000001,0.0116836,0.0371542,-0.00746929,0.000410118,-0.00385416
301,-0.102746,0.101487,0.08975089999999998,-0.007311879999999998,0.00049528,-0.0033569000000000003
302,-0.111135,0.0665463,0.043305699999999996,-0.00697048,0.000104909,-0.00327904
303,-0.11493199999999999,-0.0137269,0.0126774,-0.00584705,3.52025e-05,-0.00364016
304,-0.10481700000000001,0.07270789999999999,0.0847877,-0.00638832,0.000320243,-0.00327877
305,-0.100412,0.112551,0.112607,-0.00701791,0.000515044,-0.00306101
306,-0.10483599999999998,0.026048400000000003,0.051539,-0.00639157,0.000351876,-0.00321815
307,-0.10488800000000001,0.0400744,0.0652031,-0.00622883,0.00044997900000000004,-0.00349298
308,-0.10478599999999999,0.11574100000000001,0.12805200000000005,-0.007295959999999998,0.000391975,-0.00318995
309,-0.10482799999999999,0.052713699999999995,0.06988630000000001,-0.00674892,0.000267362,-0.00322783
310,-0.114875,0.0216598,0.0312685,-0.00651965,0.000277664,-0.00348468
311,-0.111801,0.0624308,0.07465729999999997,-0.00661314,0.000259223,-0.00329054
312,-0.10478900000000001,0.122368,0.134187,-0.00771393,0.000325304,-0.00305326
313,-0.10485699999999999,0.045652,0.0514856,-0.00697529,0.00038669800000000004,-0.00322996
314,-0.11488399999999999,0.0111725,0.03363030000000001,-0.00632296,0.000271015,-0.00364016
315,-0.1149,0.0436119,0.08747019999999997,-0.00756176,0.000414605,-0.00369083
316,-0.11033499999999999,0.09729,0.131307,-0.00932874,0.000473399,-0.00364015
317,-0.119952,-0.00700504,0.0416093,-0.008825009999999998,0.00045554300000000004,-0.00388072
318,-0.12666500000000006,-0.0264336,-0.0037015999999999998,-0.00865135,0.000302116,-0.00402032
319,-0.12278399999999999,0.0209714,0.06594889999999999,-0.00985091,0.000395212,-0.00392187
320,-0.11173499999999999,0.016841299999999997,0.130866,-0.0143529,0.000659575,-0.00399605
321,-0.119716,-0.08410419999999999,0.0368049,-0.014239199999999999,-9.639960000000001e-06,-0.00436157
322,-0.12283699999999999,-0.08933150000000001,-0.017205099999999997,-0.014146200000000001,-0.00044484,-0.00424961
323,-0.112524,0.0449555,0.10662100000000001,-0.011837799999999999,-8.088319999999999e-05,-0.00380498
324,-0.10767,0.08179079999999997,0.111427,-0.0109525,0.0004926630000000001,-0.00369109
325,-0.11917699999999999,-0.0412478,0.032949599999999996,-0.00958262,0.00034410800000000003,-0.00387274
326,-0.10981500000000001,-0.0170555,0.0318228,-0.008862929999999998,0.00027584,-0.00387274
327,-0.101038,0.081887,0.114961,-0.00975099,0.000658855,-0.00340605
328,-0.0967232,0.053191499999999996,0.0590028,-0.00942757,0.00060995,-0.00344992
329,-0.112702,-0.0225324,0.0166209,-0.008121049999999998,-1.44922e-05,-0.00387274
330,-0.11588399999999999,0.040365899999999996,0.061633400000000005,-0.00785161,-0.000140708,-0.00392736
331,-0.111232,0.124529,0.13377999999999998,-0.00976691,-7.024310000000002e-05,-0.00370112
332,-0.11015499999999999,0.06922710000000001,0.0658334,-0.00953257,0.000350421,-0.00374542
333,-0.11890899999999999,-0.00561821,-0.00932029,-0.00837218,0.00012864700000000002,-0.00387274
334,-0.11089700000000001,0.07383829999999998,0.0975401,-0.00927501,0.000361673,-0.00358096
335,-0.10881400000000001,0.0924158,0.100137,-0.00996913,0.00034773,-0.00349818
336,-0.10890799999999999,-0.026169400000000002,-0.007594939999999999,-0.008937169999999998,0.00016427599999999998,-0.00387274
337,-0.108953,-0.0214018,-0.0514356,-0.00923136,0.00011908200000000001,-0.00397535
338,-0.11889000000000001,0.0401152,0.0729664,-0.0107523,0.00031827099999999996,-0.00387274
339,-0.108917,0.0719823,0.087477,-0.011190899999999998,0.000584916,-0.00387274
340,-0.121832,-0.08634639999999999,-0.112944,-0.011323200000000002,-8.194569999999997e-05,-0.00422998
341,-0.14007999999999998,-0.152105,-0.280027,-0.012702799999999998,-7.25155e-05,-0.00499314
342,-0.12366700000000005,-0.025384200000000003,-0.136697,-0.011574,0.000143575,-0.00451172
343,-0.12283,0.0476445,-0.049949900000000005,-0.0108915,0.000320814,-0.0040241999999999995
344,-0.14430599999999996,-0.0541528,-0.0925943,-0.00936236,0.00021639400000000002,-0.00484891
345,-0.148278,-0.039363,-0.0864035,-0.00907295,0.00021639400000000002,-0.00492154
346,-0.130358,0.0335208,-0.0107006,-0.00994529,0.000348225,-0.00422258
347,-0.12066900000000001,0.0564404,0.0081962,-0.00994829,0.00037537800000000005,-0.00403098
348,-0.128598,-0.042758,-0.0568979,-0.00911353,0.000128164,-0.00436411
349,-0.134681,-0.00960291,-0.0460413,-0.00898705,9.76941e-05,-0.00457603
350,-0.131423,0.0844091,0.0467724,-0.00988481,0.000315613,-0.00408474
351,-0.12423499999999998,0.0088816,-0.06385680000000002,-0.010093600000000001,-0.00010331899999999999,-0.00424972
352,-0.127884,-0.0462176,-0.10395399999999999,-0.00945956,0.000126861,-0.00440791
353,-0.124276,0.0216907,-0.0325808,-0.0104512,0.000145849,-0.00453969
354,-0.130995,0.071085,0.0123071,-0.0103297,0.00011531100000000001,-0.00439378
355,-0.134455,-0.0123084,-0.07830249999999997,-0.009404740000000005,-0.000192362,-0.00471613
356,-0.12976,-0.00322149,-0.07303319999999999,-0.00970913,8.383489999999999e-05,-0.00475869
357,-0.126693,0.054011699999999996,0.027486200000000002,-0.011314200000000002,0.000590342,-0.0045551
358,-0.124287,0.029870999999999998,-0.00522172,-0.0104593,0.0004975240000000001,-0.00438821
359,-0.131823,-0.05988480000000001,-0.06080459999999999,-0.00938718,-6.49178e-05,-0.00465063
360,-0.13658200000000004,-0.0292461,-0.05131619999999999,-0.00960583,0.00015576700000000001,-0.00450664
361,-0.12954300000000002,-0.016795400000000002,-0.07278619999999998,-0.0118303,0.00024162900000000001,-0.00480235
362,-0.124473,-0.120833,-0.173533,-0.012577600000000001,-0.00037396699999999995,-0.00494506
363,-0.12436199999999999,-0.0134246,-0.08914379999999998,-0.010807500000000001,0.000422003,-0.00458388
364,-0.12429100000000001,0.07612399999999997,-0.034477,-0.0101241,0.000566015,-0.00419822
365,-0.124296,-0.012006999999999999,-0.0860598,-0.00923467,0.0007283879999999997,-0.00426051
366,-0.12435,-0.052984300000000005,-0.10105499999999999,-0.009037570000000002,0.000566015,-0.00458692
367,-0.12429100000000001,0.0421699,-0.0278908,-0.00969164,0.000566015,-0.00419822
368,-0.12430600000000006,0.0664523,-0.011145799999999999,-0.0100918,0.00087898,-0.00419822
369,-0.146623,-0.0712161,-0.09767070000000004,-0.009260150000000005,0.00022369099999999998,-0.004555699999999999
370,-0.144424,-0.0494054,-0.09323,-0.00913108,0.000109374,-0.00442366
371,-0.12276600000000001,0.0508025,-0.0159885,-0.0105419,0.000566015,-0.00419822
372,-0.118664,0.016480499999999995,-0.0543337,-0.010667399999999999,0.00046272800000000003,-0.00419822
373,-0.13331700000000002,-0.09778510000000004,-0.144595,-0.0110926,-2.04737e-05,-0.00470288
374,-0.140725,-0.110637,-0.24979400000000002,-0.012436,-0.000274793,-0.00497414
375,-0.14065899999999998,-0.0394596,-0.15871,-0.0122512,6.03621e-05,-0.00473693
376,-0.130462,0.0468953,-0.0458671,-0.0122895,0.00050922,-0.00473694
377,-0.14074,-0.09627680000000001,-0.198011,-0.0118927,-0.000315047,-0.00504424
378,-0.14072300000000001,-0.121077,-0.23716900000000002,-0.012774200000000001,-1.7296300000000002e-05,-0.00529126
379,-0.140623,-0.00522039,-0.082836,-0.0114841,-0.00020126,-0.00455347
380,-0.13717100000000002,-0.050079000000000005,-0.11901199999999999,-0.0105779,0.000217925,-0.00473694
381,-0.14068599999999998,-0.0947933,-0.119065,-0.00997023,0.000193356,-0.00498467
382,-0.127072,-0.00580063,-0.05068,-0.010151799999999999,0.000360281,-0.00425772
383,-0.140619,0.0076438999999999995,-0.0787847,-0.010397000000000002,0.000258653,-0.00455291
384,-0.15676800000000002,-0.0807793,-0.140112,-0.00941295,-0.000227688,-0.00523575
385,-0.159106,0.00026700599999999997,-0.0915821,-0.00952481,-0.00019671400000000001,-0.00505553
386,-0.143974,0.0575207,-0.055304700000000005,-0.010106100000000002,0.000229912,-0.00455952
387,-0.146626,-0.040725599999999994,-0.12999000000000002,-0.00910601,7.83715e-05,-0.00473694
388,-0.135571,-0.045733800000000005,-0.134402,-0.00884029,-1.98667e-05,-0.00473694
389,-0.129927,0.0556616,-0.0453211,-0.00944459,0.000182245,-0.00415801
390,-0.13553900000000002,0.0252708,-0.08326659999999997,-0.00955843,0.000171302,-0.00431074
391,-0.14101,-0.050919900000000004,-0.140976,-0.008985700000000001,9.5153e-06,-0.00473694
392,-0.14571199999999998,-0.00121444,-0.0915792,-0.00939591,-0.000119219,-0.00448694
393,-0.13605899999999999,0.0632741,-0.014210299999999999,-0.0104447,0.000429935,-0.00433478
394,-0.14419200000000001,-0.0601178,-0.140738,-0.010095999999999999,-2.57602e-05,-0.00490251
395,-0.152304,-0.0819678,-0.188949,-0.00989105,-0.000136486,-0.0052974
396,-0.147178,-0.00667666,-0.08985599999999999,-0.010252899999999999,6.45146e-05,-0.00473694
397,-0.139811,0.0193248,-0.0736171,-0.010696299999999999,0.000271323,-0.00473694
398,-0.140421,-0.10866500000000001,-0.175337,-0.011445299999999999,6.45146e-05,-0.00523974
399,-0.156854,-0.11273399999999999,-0.214957,-0.012301799999999998,-0.000376485,-0.00543428
400,-0.146993,-0.042183899999999996,-0.146004,-0.0124044,6.45146e-05,-0.00500697
401,-0.13994600000000001,0.0233732,-0.08254219999999997,-0.012668299999999999,0.000294306,-0.00468508
402,-0.142128,-0.10381,-0.163234,-0.011781999999999999,0.000260595,-0.00493041
403,-0.150342,-0.119006,-0.170128,-0.011108400000000001,6.45146e-05,-0.00525697
404,-0.14785,-0.0385189,-0.0766126,-0.0120917,0.000388541,-0.00495685
405,-0.146344,-0.0137775,-0.062353099999999995,-0.0123766,0.00016861599999999999,-0.00456893
406,-0.145993,-0.115576,-0.157808,-0.0109662,-9.602320000000004e-05,-0.00485503
407,-0.141016,-0.12036199999999998,-0.184335,-0.0111895,6.51958e-05,-0.00515973
408,-0.120778,-0.0293127,-0.09951030000000001,-0.012462799999999998,0.0011860999999999998,-0.00464308
409,-0.127907,0.000553539,-0.0977932,-0.012639,0.00104888,-0.00464308
410,-0.135022,-0.0907458,-0.165467,-0.0114568,0.000415569,-0.00491782
411,-0.14138900000000001,-0.056648699999999996,-0.133365,-0.011698700000000001,0.000294858,-0.00495483
412,-0.134952,0.032310900000000004,-0.0505781,-0.012856200000000005,0.0007735389999999997,-0.00464308
413,-0.140704,-0.0534639,-0.10684600000000001,-0.012327,0.00045952199999999997,-0.004824
414,-0.151669,-0.098725,-0.163926,-0.011266300000000002,0.000134409,-0.00512753
415,-0.147513,-0.010933700000000001,-0.0698161,-0.0112646,0.00042925,-0.00490299
416,-0.15174100000000001,0.058316099999999996,-0.013483000000000002,-0.010521899999999999,0.00126956,-0.00503734
417,-0.165708,-0.06765640000000002,-0.110109,-0.00967392,0.000953765,-0.00528815
418,-0.166948,-0.0496427,-0.101083,-0.00984017,0.0009677689999999999,-0.00550237
419,-0.163771,0.0434837,0.00193836,-0.010791,0.00161628,-0.00556394
420,-0.15951500000000002,0.0107402,-0.0297509,-0.0102451,0.00187418,-0.00568292
421,-0.159369,-0.07864749999999998,-0.133117,-0.008803399999999998,0.0015938599999999995,-0.0058506
422,-0.158752,-0.00692356,-0.08484,-0.00865036,0.00161505,-0.00567106
423,-0.168543,0.0845728,-0.0107821,-0.0094296,0.00155592,-0.00550237
424,-0.174397,0.0018835999999999998,-0.0700413,-0.009263200000000001,0.00126807,-0.00569364
425,-0.183025,-0.054820299999999995,-0.0866668,-0.00847717,0.00131366,-0.00594676
426,-0.168907,0.0497147,-0.012603399999999999,-0.00976595,0.00148206,-0.00550237
427,-0.168896,0.0204574,-0.0382548,-0.00993588,0.00148568,-0.00550237
428,-0.178438,-0.07973969999999997,-0.100363,-0.008900899999999998,0.000899871,-0.00597719
429,-0.168987,-0.0183834,-0.08049239999999999,-0.009322080000000005,0.00114511,-0.00586288
430,-0.168938,0.056315,0.0147683,-0.0113368,0.00146523,-0.00558845
431,-0.162868,-0.017963999999999997,-0.07148489999999999,-0.00997504,0.00132731,-0.00550237
432,-0.174872,-0.0431278,-0.10710499999999999,-0.00939314,0.0011172100000000002,-0.00569146
433,-0.16852,0.0290436,-0.0128232,-0.010325200000000001,0.00146523,-0.00550237
434,-0.167955,0.060117899999999995,-0.00405971,-0.0106973,0.00180573,-0.00550237
435,-0.16502,-0.04868630000000001,-0.08150559999999997,-0.00930142,0.00156343,-0.00574052
436,-0.171099,-0.0683584,-0.0984828,-0.00963859,0.00128914,-0.00606229
437,-0.168764,0.039817,0.0012189,-0.0104976,0.00155838,-0.00550237
438,-0.169987,-0.031312099999999995,-0.0801256,-0.0117258,0.000698119,-0.00562255
439,-0.15701199999999998,-0.201147,-0.30659200000000003,-0.014339900000000001,0.000712573,-0.00608132
440,-0.172513,-0.19076700000000002,-0.323782,-0.0156963,0.00113837,-0.00685838
441,-0.192574,-0.04958730000000001,-0.145315,-0.014931100000000001,0.00149466,-0.00695066
442,-0.189781,-0.124078,-0.21267399999999997,-0.0147053,0.00100418,-0.006908
443,-0.189781,-0.230829,-0.318826,-0.0154996,0.0010581,-0.00746688
444,-0.177753,-0.175058,-0.299658,-0.0163343,0.00217727,-0.007372809999999999
445,-0.183643,-0.07752309999999997,-0.196515,-0.015881,0.00211821,-0.00709781
446,-0.189672,-0.162987,-0.248612,-0.0146421,0.00168447,-0.00746486
447,-0.1993,-0.192944,-0.261479,-0.013618700000000001,0.00168852,-0.00771182
448,-0.19361,-0.0855755,-0.174454,-0.013933899999999999,0.00177712,-0.007221359999999999
449,-0.222208,-0.08084239999999998,-0.181549,-0.0136091,0.00192237,-0.007221359999999999
450,-0.22956999999999997,-0.182677,-0.241103,-0.012492200000000002,0.00168852,-0.00791178
451,-0.22228299999999998,-0.130107,-0.21886,-0.012386200000000005,0.00163558,-0.007723179999999999
452,-0.192211,-0.021941299999999997,-0.11079100000000001,-0.0131332,0.00168852,-0.00677969
453,-0.189429,-0.0757747,-0.17626,-0.0133239,0.0013169,-0.00683525
454,-0.205733,-0.145022,-0.23428600000000002,-0.0127851,0.001026,-0.007221359999999999
455,-0.205697,-0.0982143,-0.195497,-0.0124979,0.00124755,-0.007221359999999999
456,-0.205672,-0.0554656,-0.113602,-0.0145912,0.00194434,-0.007221359999999999
457,-0.20929,-0.19197,-0.24908400000000003,-0.015916200000000002,0.00124755,-0.007688099999999998
458,-0.221633,-0.266882,-0.332855,-0.016337899999999995,0.00128511,-0.00825905
459,-0.22169,-0.182588,-0.24563000000000001,-0.016623699999999998,0.00123261,-0.008013249999999998
460,-0.20410799999999998,-0.11403900000000002,-0.165072,-0.017135499999999998,0.00168226,-0.007669800000000001
461,-0.218867,-0.25872399999999995,-0.304569,-0.0169588,0.00138067,-0.008301539999999998
462,-0.22143600000000002,-0.28677800000000003,-0.35672800000000005,-0.0173962,0.00168698,-0.00862827
463,-0.20795500000000003,-0.200219,-0.265355,-0.0189275,0.00138067,-0.00809908
464,-0.20629099999999997,-0.150194,-0.230089,-0.018199,0.00184057,-0.00782181
465,-0.21212899999999998,-0.247275,-0.304062,-0.016726599999999998,0.00181555,-0.008148899999999999
466,-0.21215799999999999,-0.22807600000000003,-0.273904,-0.016355500000000002,0.00177955,-0.008143789999999998
467,-0.201236,-0.12031800000000001,-0.17442,-0.017359,0.00233469,-0.00744325
468,-0.199008,-0.24281599999999998,-0.285242,-0.018199400000000004,0.00201894,-0.00738466
469,-0.212218,-0.292042,-0.35076,-0.017369299999999997,0.00178894,-0.00764757
470,-0.212189,-0.17014300000000002,-0.226771,-0.017647799999999998,0.00201894,-0.00749586
471,-0.193212,-0.14375,-0.190503,-0.0186748,0.00201894,-0.007163500000000001
472,-0.20155399999999998,-0.28897,-0.34316399999999997,-0.018332400000000002,0.00184088,-0.007613059999999999
473,-0.205119,-0.347395,-0.42807700000000004,-0.0204287,0.00225651,-0.008320849999999998
474,-0.193151,-0.271457,-0.369339,-0.021547900000000002,0.00193204,-0.00784505
475,-0.219631,-0.164822,-0.273945,-0.0202483,0.00219118,-0.007885289999999998
476,-0.225192,-0.228533,-0.266729,-0.018678099999999996,0.00197785,-0.008011169999999998
477,-0.201874,-0.27891,-0.27399,-0.016733500000000002,0.00222627,-0.00772431
478,-0.239333,-0.190857,-0.210664,-0.0168153,0.00220546,-0.00825323
479,-0.21203200000000003,-0.12800700000000004,-0.184579,-0.017039,0.00206529,-0.00762074
480,-0.21056799999999998,-0.251729,-0.266366,-0.0155453,0.00215748,-0.00762992
481,-0.239169,-0.19623,-0.250146,-0.015743199999999995,0.00199184,-0.008301239999999998
482,-0.236729,-0.12588,-0.191394,-0.016799500000000002,0.00211072,-0.00772764
483,-0.21568099999999998,-0.213639,-0.253745,-0.0157922,0.00211782,-0.00783866
484,-0.200262,-0.22759400000000002,-0.26203899999999997,-0.014878899999999999,0.00211782,-0.007585149999999999
485,-0.202954,-0.146893,-0.21815,-0.0154697,0.00221779,-0.00728855
486,-0.22665100000000002,-0.127699,-0.196246,-0.0163242,0.00186782,-0.00745307
487,-0.226606,-0.22194099999999997,-0.218673,-0.015268899999999998,0.00204885,-0.007889669999999998
488,-0.22660999999999998,-0.210463,-0.19529200000000002,-0.0153019,0.0019029,-0.007913609999999998
489,-0.22662399999999996,-0.143898,-0.155967,-0.015731000000000002,0.00201726,-0.007649139999999999
490,-0.218052,-0.177634,-0.198139,-0.015544299999999999,0.00180294,-0.007528479999999999
491,-0.22241999999999998,-0.258583,-0.22837600000000002,-0.0146822,0.00164497,-0.00773564
492,-0.226566,-0.22790100000000002,-0.20926999999999998,-0.014734899999999999,0.00189809,-0.007827769999999998
493,-0.220425,-0.13306099999999998,-0.166371,-0.015617500000000001,0.0018242,-0.007384349999999999
494,-0.218494,-0.20930100000000001,-0.22199000000000002,-0.0147438,0.00179723,-0.00749077
495,-0.22659200000000002,-0.218502,-0.253155,-0.0143251,0.00164497,-0.00775188
496,-0.211569,-0.13338599999999998,-0.16361199999999998,-0.0153292,0.00156247,-0.007305479999999999
497,-0.2004,-0.145576,-0.197986,-0.016162799999999998,0.00153528,-0.00706869
498,-0.207339,-0.24935100000000002,-0.277371,-0.016162799999999998,0.00113907,-0.00750648
499,-0.203343,-0.208556,-0.27422399999999997,-0.016598599999999998,0.000953895,-0.00738657
500,-0.20655,-0.11864000000000001,-0.181334,-0.0169037,0.00142367,-0.00706869
501,-0.20749,-0.217491,-0.252695,-0.0161652,0.00135393,-0.00740191
502,-0.206423,-0.299178,-0.318936,-0.0171851,0.00142662,-0.00753018
503,-0.205046,-0.299755,-0.34215300000000004,-0.019083900000000004,0.00160762,-0.00756869
504,-0.206389,-0.191886,-0.230555,-0.0198097,0.00153037,-0.007267189999999998
505,-0.20644200000000001,-0.275206,-0.297773,-0.0186458,0.00149954,-0.00733419
506,-0.213509,-0.310105,-0.364649,-0.0170312,0.00161047,-0.00768117
507,-0.20867199999999997,-0.328592,-0.42798400000000003,-0.0186417,0.00207973,-0.00800674
508,-0.203511,-0.21373000000000003,-0.271883,-0.0198563,0.00207973,-0.0075772999999999995
509,-0.19937,-0.185673,-0.268049,-0.0194322,0.00207973,-0.00733943
510,-0.199438,-0.310783,-0.351148,-0.0185213,0.00179726,-0.00751538
511,-0.20637199999999997,-0.278071,-0.33905100000000005,-0.0175946,0.00178907,-0.00761489
512,-0.19784300000000002,-0.178552,-0.231062,-0.019283900000000003,0.00164416,-0.00696832
513,-0.201938,-0.239341,-0.28639000000000003,-0.0191354,0.00158441,-0.00714689
514,-0.201312,-0.322508,-0.36543200000000003,-0.018488900000000003,0.00179355,-0.00771407
515,-0.20879,-0.264982,-0.335785,-0.0190423,0.00164416,-0.00751745
516,-0.201512,-0.175343,-0.246521,-0.0195263,0.00192228,-0.00730791
517,-0.207729,-0.243706,-0.31069,-0.0186627,0.00209848,-0.007586449999999998
518,-0.20635799999999999,-0.30248400000000003,-0.370469,-0.017,0.00174592,-0.007570399999999999
519,-0.20558099999999999,-0.22880100000000003,-0.33618899999999996,-0.017377199999999995,0.00164416,-0.00749188
520,-0.17577799999999996,-0.137729,-0.224287,-0.0186003,0.00039806,-0.00623734
521,-0.189421,-0.23383600000000002,-0.289956,-0.0181593,0.000868405,-0.00689308
522,-0.196357,-0.297237,-0.34359,-0.017175799999999998,0.000937467,-0.00750188
523,-0.189412,-0.188722,-0.24596300000000001,-0.0179298,0.000946001,-0.00681182
524,-0.176257,-0.198001,-0.266194,-0.0179984,0.0014398,-0.00677029
525,-0.189221,-0.29175100000000004,-0.339629,-0.0166315,0.00148903,-0.00740702
526,-0.19326,-0.209119,-0.285454,-0.0169401,0.0012963,-0.00733071
527,-0.194003,-0.148054,-0.247545,-0.0177376,0.0012963,-0.00705652
528,-0.196613,-0.240646,-0.294271,-0.017180599999999997,0.0010463,-0.00727794
529,-0.206249,-0.24424,-0.273999,-0.0169919,0.0010463,-0.007417489999999999
530,-0.20785900000000002,-0.178897,-0.235708,-0.0163703,0.000985692,-0.007330149999999999
531,-0.207855,-0.10825599999999999,-0.1951,-0.0152852,0.00097113,-0.00698765
532,-0.207869,-0.187161,-0.212432,-0.014279499999999999,0.0009388310000000002,-0.00712352
533,-0.207879,-0.175031,-0.20258900000000002,-0.0147186,0.0008753939999999999,-0.00715379
534,-0.20784899999999998,-0.0845669,-0.151231,-0.0142928,0.00105665,-0.00698765
535,-0.20788099999999998,-0.164212,-0.183554,-0.0135392,0.0008198129999999999,-0.00698765
536,-0.20788099999999998,-0.16362199999999996,-0.17857699999999999,-0.013212,0.0008198129999999999,-0.00698765
537,-0.20788099999999998,-0.0684704,-0.12683,-0.013361600000000001,0.0008198129999999999,-0.00664832
538,-0.20788600000000002,-0.146093,-0.204237,-0.012844999999999999,0.0008864319999999999,-0.00673766
539,-0.211709,-0.174188,-0.23439400000000002,-0.0122843,0.000516289,-0.00706346
540,-0.207914,-0.0871918,-0.163735,-0.0133162,0.000582055,-0.00681781
541,-0.20788099999999998,-0.10531199999999999,-0.194251,-0.013408600000000001,0.0008198129999999999,-0.00698766
542,-0.20788099999999998,-0.182989,-0.23822,-0.0124333,0.0008198129999999999,-0.00698766
543,-0.207879,-0.11712,-0.17901199999999998,-0.0135166,0.00107319,-0.00657411
544,-0.198823,-0.0955546,-0.17902200000000001,-0.013867700000000002,0.00102937,-0.00652971
545,-0.20789499999999997,-0.17047699999999996,-0.22737800000000002,-0.012450200000000002,0.0008198129999999999,-0.00673766
546,-0.204036,-0.149314,-0.232388,-0.01245,0.0009536989999999999,-0.00698766
547,-0.199348,-0.07126210000000001,-0.146845,-0.013653899999999998,0.0010233000000000002,-0.00646579
548,-0.20161400000000002,-0.100625,-0.190966,-0.013932900000000002,0.0008198129999999999,-0.00637139
549,-0.193019,-0.201019,-0.284885,-0.013994299999999998,0.00011755299999999999,-0.00641361
550,-0.197821,-0.168737,-0.297989,-0.0129692,9.92858e-05,-0.00652322
551,-0.196768,-0.123948,-0.177616,-0.0161827,0.0011177200000000002,-0.00642001
552,-0.191244,-0.132461,-0.188401,-0.0186454,0.001221,-0.00642001
553,-0.191987,-0.261409,-0.307265,-0.017107499999999998,0.00104241,-0.00669876
554,-0.19769,-0.27989200000000003,-0.336723,-0.018967599999999998,0.00128904,-0.00728465
555,-0.18858,-0.164686,-0.228942,-0.0186325,0.00111355,-0.00656769
556,-0.207923,-0.20790100000000003,-0.276619,-0.0171866,0.00104241,-0.00683411
557,-0.198695,-0.29846300000000003,-0.343094,-0.0157994,0.00115125,-0.00729668
558,-0.195351,-0.264325,-0.38409,-0.015668,0.00104241,-0.00738934
559,-0.195617,-0.137267,-0.24217800000000003,-0.0171341,0.000785668,-0.00690357
560,-0.192498,-0.18445,-0.280115,-0.0171982,0.000825943,-0.00684178
561,-0.199124,-0.268517,-0.34538800000000003,-0.0161692,0.0008622709999999997,-0.00686133
562,-0.19395199999999999,-0.175878,-0.28626,-0.015571399999999999,0.00104241,-0.00684336
563,-0.193778,-0.0951499,-0.21623299999999998,-0.0161933,0.00111562,-0.00642001
564,-0.193684,-0.213774,-0.285441,-0.015183799999999999,0.00104241,-0.00670091
565,-0.20322,-0.228138,-0.320317,-0.014656200000000001,0.00104241,-0.00743072
566,-0.197711,-0.126378,-0.20499,-0.015302200000000002,0.00104241,-0.0067815
567,-0.19059,-0.13930499999999998,-0.231136,-0.016627,0.00104241,-0.00652109
568,-0.178884,-0.279805,-0.391531,-0.016594999999999995,0.00104241,-0.00671549
569,-0.18287799999999999,-0.27105100000000004,-0.446758,-0.016787599999999996,0.00125151,-0.00701235
570,-0.195349,-0.15465699999999996,-0.340476,-0.0162082,0.00124413,-0.00716052
571,-0.198016,-0.07872799999999999,-0.232444,-0.015695899999999995,0.00147172,-0.00666154
572,-0.20786,-0.181382,-0.30216,-0.0146275,0.00104241,-0.00687849
573,-0.207839,-0.200428,-0.31391199999999997,-0.014161300000000003,0.00109324,-0.00704792
574,-0.209813,-0.127393,-0.203942,-0.0153804,0.0013868900000000006,-0.00673316
575,-0.202035,-0.162696,-0.229702,-0.0181702,0.00104241,-0.00661857
576,-0.213081,-0.241763,-0.305683,-0.0153783,0.00129712,-0.007243249999999999
577,-0.21251599999999998,-0.197658,-0.311835,-0.0140054,0.0011385,-0.00733281
578,-0.207873,-0.100134,-0.23179699999999998,-0.014334999999999999,0.00104241,-0.00693818
579,-0.212527,-0.11913699999999999,-0.262262,-0.013546899999999999,0.00148444,-0.00711663
